source,feed_url,headline,summary,url,published_date,topics
TechCrunch,https://techcrunch.com/feed/,Airbnb is introducing a private car pick-up service,Airbnb is partnering with transportation company Welcome Pickups to let users book a private car service during their trip.,https://techcrunch.com/2026/03/31/airbnb-private-car-pick-up-service-welcome-pickups/,2026-03-31 09:00:00+00:00,Other
SpaceNews,https://spacenews.com/feed/,Europe’s space sector faces power shift as funding grows,New report from Aerospace Corp. highlights rising EU funding and defense focus The post Europe’s space sector faces power shift as funding grows appeared first on SpaceNews .,https://spacenews.com/europes-space-sector-faces-power-shift-as-funding-grows/,2026-03-31 09:00:00+00:00,"Defense, Funding"
Phys.org,https://phys.org/rss-feed/,'A very big deal': Canadian astronaut reflects on historic moon mission,"As soon as Wednesday, NASA is poised to make history—sending the first woman, the first person of color, and the first non-American on a voyage around the moon.",https://phys.org/news/2026-03-big-canadian-astronaut-historic-moon.html,2026-03-31 08:50:01+00:00,Other
Phys.org,https://phys.org/rss-feed/,NASA begins the countdown for humanity's first launch to the moon in 53 years,NASA began the countdown Monday for humanity's first launch to the moon in 53 years.,https://phys.org/news/2026-03-nasa-countdown-humanity-moon-years.html,2026-03-31 08:30:17+00:00,Other
War on the Rocks,https://warontherocks.com/feed/,The U.S. Military Risks Letting Contractors Define How It Sees the Battlefield,"In the 1964 black comedy Dr. Strangelove, an emergency war plan called &#8220;Plan R&#8221; allows an unhinged U.S. Air Force commander, Jack Ripper, to launch a nuclear strike without presidential authorization. Once the president, the joint chiefs, and the Soviet ambassador convene in the war room, the bombers are already airborne. Only Ripper knows the three-letter prefix needed to recall them, until his aide, Lionel Mandrake, reconstructs it from Ripper&#8217;s notes. Although nearly all planes are turned back, one damaged B-52 cannot receive the recall message and successfully drops its bomb, triggering the Soviets&#8217; secret doomsday machine and bringing about The post The U.S. Military Risks Letting Contractors Define How It Sees the Battlefield appeared first on War on the Rocks .",https://warontherocks.com/2026/03/the-u-s-military-risks-letting-contractors-define-how-it-sees-the-battlefield/,2026-03-31 08:00:10+00:00,Defense
War on the Rocks,https://warontherocks.com/feed/,The Trump Administration Had No Plan for the War with Iran,"Editor&#8217;s Note: War on the Rocks is running &#8220;for&#8221; and &#8220;against&#8221; articles on the war with Iran by legislators with military backgrounds. You can find the other article here.21 years ago, I was a Marine infantryman in Anbar province, western Iraq, carrying so much gear that I could barely feel my legs. My job was to go town to town, search houses, and try to stop insurgents before they stopped us. Every day, someone was trying to kill us &#8212; improvised explosive devices buried in the roads, mortars in the middle of the night, and random rocket propelled grenades fired The post The Trump Administration Had No Plan for the War with Iran appeared first on War on the Rocks .",https://warontherocks.com/2026/03/the-trump-administration-had-no-plan-for-the-war-with-iran/,2026-03-31 07:30:08+00:00,Defense
Breaking Defense,https://breakingdefense.com/feed/,Ukraine attacks on oil and gas to be ‘painful’ for Russian economy: Official,Breaking Defense spoke exclusively with EU Defense and Space Commissioner Andrius Kubilius as he traveled on a European &#8220;missile tour&#8221; to Sweden.,https://breakingdefense.com/2026/03/ukraine-attacks-on-oil-and-gas-to-be-painful-for-russian-economy-official/,2026-03-31 07:30:00+00:00,Defense
TechCrunch,https://techcrunch.com/feed/,The Silicon Valley congressional race is getting ugly,"The primary isn&#8217;t until early June, but the CA-17 race between five-term incumbent Ro Khanna and tech founder Ethan Agarwal is already getting nasty. Agarwal entered the race in March, backed by a roster of prominent tech billionaires largely in response to Khanna&#8217;s public support for a proposed California ballot measure that would impose a [&#8230;]",https://techcrunch.com/2026/03/31/the-silicon-valley-congressional-race-is-getting-ugly/,2026-03-31 07:23:06+00:00,"Startups, Funding"
War on the Rocks,https://warontherocks.com/feed/,The Cost of Hesitation: Why “Finishing the Mission” is Imperative in Iran,"Editor&#8217;s Note: War on the Rocks is running &#8220;for&#8221; and &#8220;against&#8221; articles on the war with Iran by legislators with military backgrounds. You can find the other article here.The view from a C-130 during a combat mission in the Middle East provides clarity that is often lost in the sanitized briefing rooms of Washington. As an Air Force medical crew director, I have looked into the eyes of young servicemembers being medevacked out of theater, and I lived through what decades of strategic inconsistency asks of our warfighters. As a board-certified psychiatric mental health nurse practitioner, I am equally attuned The post The Cost of Hesitation: Why “Finishing the Mission” is Imperative in Iran appeared first on War on the Rocks .",https://warontherocks.com/2026/03/the-cost-of-hesitation-why-finishing-the-mission-is-imperative-in-iran/,2026-03-31 07:15:53+00:00,Defense
SpaceNews,https://spacenews.com/feed/,Artemis 2 countdown underway,The two-day countdown for the Artemis 2 mission around the moon started March 30 with NASA officials reporting no major issues for the launch. The post Artemis 2 countdown underway appeared first on SpaceNews .,https://spacenews.com/artemis-2-countdown-underway/,2026-03-31 06:23:08+00:00,Other
Phys.org,https://phys.org/rss-feed/,"Food safety, soils and manure: How a systemic approach can prevent health risks","In many parts of the world, including China, soil acidification is reducing agricultural yields. Recycling animal manure can help counteract this acidification and is therefore a key component of circular agriculture. However, this approach also has a downside.",https://phys.org/news/2026-03-food-safety-soils-manure-approach.html,2026-03-31 06:00:01+00:00,Other
TechCrunch,https://techcrunch.com/feed/,Allbirds is selling for $39 million. It raised nearly 10 times that amount in its IPO.,"The collapse of the brand, which was originally venture-backed and that went public in 2021, has been well-documented.",https://techcrunch.com/2026/03/30/allbirds-is-selling-for-39-million-it-raised-nearly-10-times-that-amount-in-its-ipo/,2026-03-31 05:30:20+00:00,"Startups, Funding"
Breaking Defense,https://breakingdefense.com/feed/,"Breaking Defense announces Breaking Defense Europe, a new, distinct, European edition",Breaking Defense Europe will launch in early May with Tim Martin and Elisabeth Gosselin-Malo as co-editors.,https://breakingdefense.com/2026/03/breaking-defense-announces-breaking-defense-europe-a-new-distinct-european-edition/,2026-03-31 04:45:00+00:00,Defense
Phys.org,https://phys.org/rss-feed/,Legged robot could accelerate resource prospecting on the moon and the search for life on Mars,"Planetary surface missions currently operate cautiously. On Mars, communication delays between Earth and rovers (typically between four and 22 minutes), as well as data transfer constraints due to uplink and downlink limitations, force scientists to plan operations in advance. Rovers are designed for energy efficiency and safety, and to move slowly across hazardous terrain.",https://phys.org/news/2026-03-legged-robot-resource-prospecting-moon.html,2026-03-31 04:00:01+00:00,Science
Phys.org,https://phys.org/rss-feed/,"German firms trapped between US and China, study finds","Germany's largest companies are deeply entangled with rival businesses in China and the US, and unable to escape either superpower, according to new research published by the University of Sussex and King's College London. The findings are published in the journal Review of International Political Economy.",https://phys.org/news/2026-03-german-firms-china.html,2026-03-31 02:40:01+00:00,Science
Phys.org,https://phys.org/rss-feed/,Tropical geckos in Australia are more adaptable than we thought,"Earth is teeming with life: creatures big and small have spread and adapted to vastly different environments. Many animals can also change their physiology—how their bodies function—in response to local fluctuations. Just think of hibernating bears in winter, for example.",https://phys.org/news/2026-03-tropical-geckos-australia-thought.html,2026-03-31 02:20:01+00:00,Other
Phys.org,https://phys.org/rss-feed/,New forensic tool provides intelligence to link serial killer victims by analyzing facial similarities,"Researchers at Murdoch University have developed a forensic intelligence tool which could help police link the victims of serial offenders by analyzing their facial appearance. The study, ""Development of face similarity linkage for the attribution of intelligence links in unsolved sexually motivated serial homicide,"" is published in The Police Journal: Theory, Practice and Principles.",https://phys.org/news/2026-03-forensic-tool-intelligence-link-serial.html,2026-03-31 02:00:02+00:00,Science
Phys.org,https://phys.org/rss-feed/,Your post-gym protein shake may get a taste upgrade: Manufacturing can improve whey protein drink palatability,"The taste and texture profile of protein shakes could be improved by tweaking the way whey protein is made, new research has found. An ongoing collaboration among the University of Reading, Aberystwyth University and Arla Foods Ingredients has resulted in the production of whey protein (a dairy-derived ingredient found in gym shakes and sports supplements) with improved texture characteristics. The findings, published in the International Dairy Journal, suggest that manufacturing changes have the potential to improve the palatability of whey protein drinks.",https://phys.org/news/2026-03-gym-protein-whey-palatability.html,2026-03-31 01:40:05+00:00,Science
Phys.org,https://phys.org/rss-feed/,How the solar wind really works,"The sun, our nearest star, never stops breathing. Every second of every day, it exhales a vast stream of charged particles that sweeps outward through the solar system at hundreds of kilometers per second. We call it the solar wind, and while that name conjures something gentle and constant, the reality is considerably more turbulent.",https://phys.org/news/2026-03-solar.html,2026-03-31 01:30:01+00:00,Other
Phys.org,https://phys.org/rss-feed/,How scientists prepare expeditions in remote environments,"Scientific expeditions require months of planning before scientists can acquire the first data. A bark cuts through the Arctic silence, waking Anna up. She slept only three hours after collecting the last sample. Anna reaches for her rifle, exits the tent, and steps onto the midnight ice. She pets the guard dog she rented a few days earlier. It might be a false alarm, but she scans the darkness for polar bears, hoping her training pays off. She cannot afford to lose the samples. Nor her life.",https://phys.org/news/2026-03-scientists-remote-environments.html,2026-03-31 01:10:01+00:00,Science
Phys.org,https://phys.org/rss-feed/,Mars-like worlds near M-dwarfs may lose air in millions of years,"The criteria for finding an Earth-like planet unofficially comes down to two things: water and the habitable zone. But a phenomenon known as atmospheric escape often ""escapes"" the minds of many astronomy fans, and it turns out that atmospheric escape is one of the key characteristics for finding an Earth-like world. Although extensive research has been conducted on how the planet Mars might have lost its atmosphere, and potentially the ability to sustain life, how would the atmosphere enveloping a Mars-like exoplanet respond to stars different from our own?",https://phys.org/news/2026-03-mars-worlds-dwarfs-air-millions.html,2026-03-31 00:50:02+00:00,Science
Phys.org,https://phys.org/rss-feed/,Spaceflight captures audiences when it centers on people because human space travel is hazardous,"The central premise of the blockbuster film ""Project Hail Mary"" is a long-shot mission with a familiar goal: Save humanity from extinction. While the details of the threat facing humanity are new to this story, moviegoers are used to binging on popcorn while watching a heroic quest to save Earth from certain doom. And like so many popular movies of this genre, from ""Armageddon"" to ""Interstellar,"" the hero's journey involves a seemingly impossible mission into space.",https://phys.org/news/2026-03-spaceflight-captures-audiences-centers-people.html,2026-03-31 00:30:01+00:00,Other
Phys.org,https://phys.org/rss-feed/,What learning English means to migrants,"It is widely accepted that learning English is essential for many adult migrants who move to the UK. Yet in the last census, over 1 million residents in England and Wales reported not speaking English well or at all.",https://phys.org/news/2026-03-english-migrants.html,2026-03-31 00:20:03+00:00,Other
Phys.org,https://phys.org/rss-feed/,"Human touch leaves chicks feeling happy, study finds","Chicks, just like pets, also benefit from gentle human touch, new research has revealed. Scientists at the University of Bristol have discovered that gentle human interactions do not only prevent fear in baby chicks but also trigger positive emotions. The findings offer new insights into how early-life handling affects the welfare of young farm animals.",https://phys.org/news/2026-03-human-chicks-happy.html,2026-03-31 00:10:01+00:00,Science
Phys.org,https://phys.org/rss-feed/,"Panicking scientists, canceled experiments: Federal funding cuts turn research dean to crisis management specialist","Fielding frantic faculty emails and panicked texts was not how I had hoped my 2025 would begin. Little did I imagine that my role as a research dean at a medical school would be taken over by navigating chaotic grant terminations and delays of federal research funding, all justified in the name of scientific progress.",https://phys.org/news/2026-03-panicking-scientists-canceled-federal-funding.html,2026-03-31 00:00:03+00:00,"Science, Funding"
Nature,https://www.nature.com/subjects/medical-research.rss,Synergistic predictive value of dynamic glycemic trajectories and variability metrics for 28-day mortality in critically ill heart failure,,https://www.nature.com/articles/s41598-026-45217-6,2026-03-31 00:00:00+00:00,Other
Nature,https://www.nature.com/subjects/medical-research.rss,Long COVID disability burden in US adults,,https://www.nature.com/articles/s43856-026-01516-7,2026-03-31 00:00:00+00:00,Other
Nature,https://www.nature.com/subjects/medical-research.rss,Bridging therapy before CAR-T for multiple myeloma: a survey from the CMWP and CTIWP of the EBMT,,https://www.nature.com/articles/s41409-026-02816-1,2026-03-31 00:00:00+00:00,Other
Nature,https://www.nature.com/subjects/medical-research.rss,The impact of male sex on outcomes in primary biliary cholangitis,,https://www.nature.com/articles/s41598-026-44615-0,2026-03-31 00:00:00+00:00,Other
Nature,https://www.nature.com/subjects/medical-research.rss,Aescin and rutin mitigate hyperthyroidism-induced multisystem dysfunction via antioxidant and anti-inflammatory mechanisms in a rat model,,https://www.nature.com/articles/s41598-026-46124-6,2026-03-31 00:00:00+00:00,Other
Nature,https://www.nature.com/subjects/medical-research.rss,Structured taxonomy and framework for developing medical benchmark in large language models derived from scoping review,,https://www.nature.com/articles/s41746-026-02567-9,2026-03-31 00:00:00+00:00,AI
Nature,https://www.nature.com/subjects/medical-research.rss,"Effect of surface polishing on roughness, biofilm formation, and biocompatibility of LCD-printed denture base polymer",,https://www.nature.com/articles/s41598-026-45942-y,2026-03-31 00:00:00+00:00,Other
Nature,https://www.nature.com/subjects/medical-research.rss,Magnetic resonance imaging diagnosis of knee injuries after skiing in adolescents under deep learning,,https://www.nature.com/articles/s41598-026-47058-9,2026-03-31 00:00:00+00:00,"MedTech, AI"
Nature,https://www.nature.com/subjects/medical-research.rss,Efficacy and accuracy of the transillumination-guided gastric tube placement in neonates,,https://www.nature.com/articles/s41372-026-02643-8,2026-03-31 00:00:00+00:00,Other
Nature,https://www.nature.com/subjects/medical-research.rss,"Benralizumab versus placebo for hypereosinophilic syndrome: a randomized, placebo-controlled phase 3 trial",,https://www.nature.com/articles/s41591-026-04315-8,2026-03-31 00:00:00+00:00,Other
Nature,https://www.nature.com/subjects/medical-research.rss,Inhibition of tPA-NMDAR interaction prevents neurovascular and functional deficits induced by organophosphorus nerve agents,,https://www.nature.com/articles/s41418-026-01731-8,2026-03-31 00:00:00+00:00,Other
SpaceNews,https://spacenews.com/feed/,"Second Starlink satellite suffers anomaly, generating debris","For the second time in just over three months, a SpaceX Starlink satellite has generated debris from an apparent on-orbit malfunction. The post Second Starlink satellite suffers anomaly, generating debris appeared first on SpaceNews .",https://spacenews.com/second-starlink-satellite-suffers-anomaly-generating-debris/,2026-03-30 23:50:44+00:00,Space
Phys.org,https://phys.org/rss-feed/,Water flow in prairie watersheds is increasingly unpredictable—but AI could help,"In recent years, the Prairies have seen bigger swings in climate conditions—very wet years followed by very dry ones. That makes an already unpredictable landscape even harder to forecast, with real consequences for flood preparedness and water quality.",https://phys.org/news/2026-03-prairie-watersheds-unpredictable-ai.html,2026-03-30 23:50:01+00:00,Other
TechCrunch,https://techcrunch.com/feed/,"15% of Americans say they’d be willing to work for an AI boss, according to new poll","According to a Quinnipiac University poll, 15% of Americans say they'd be willing to have a job where their direct supervisor was an AI program that assigned tasks and set schedules.",https://techcrunch.com/2026/03/30/ai-work-boss-supervisor-us-quinnipiac-poll/,2026-03-30 23:41:48+00:00,Other
Phys.org,https://phys.org/rss-feed/,Positive views of the #Tradwife movement linked to higher levels of sexism among men,"Men who generally perceive women through a negative lens tend to be the most likely to positively view the #tradwife movement, says the findings of the world's first study into men's attitudes surrounding the increasingly popular social media trend.",https://phys.org/news/2026-03-positive-views-tradwife-movement-linked.html,2026-03-30 23:40:06+00:00,Science
Phys.org,https://phys.org/rss-feed/,Quantum twisting microscope reveals electron-electron interactions in graphene at room temperature,"An international team of researchers built a highly sensitive quantum microscope and used it to directly observe, for the first time at room temperature, how electrons subtly interact with each other in graphene—confirming a decades-old theoretical prediction with remarkable precision. The research is published in the journal Nano Letters. The team was led by Dmitri Efetov, Professor of Experimental Solid State Physics at LMU München's Faculty of Physics and MCQST co-coordinator for Research Area Quantum Matter.",https://phys.org/news/2026-03-quantum-microscope-reveals-electron-interactions.html,2026-03-30 23:40:01+00:00,Science
Phys.org,https://phys.org/rss-feed/,Heat shield safety concerns raise stakes for NASA's Artemis II moon mission,"The astronauts Reid Wiseman, Victor Glover, Christina Koch and Jeremy Hansen are preparing to launch into space on a trajectory that will make them the first humans to travel to the moon in over half a century.",https://phys.org/news/2026-03-shield-safety-stakes-nasa-artemis.html,2026-03-30 23:30:01+00:00,Funding
Phys.org,https://phys.org/rss-feed/,Image: NISAR's View of Mount Rainier,"This image captured by U.S.-Indian Earth satellite NISAR on Nov. 10, 2025, shows Washington's Mount Rainier. The image is cropped from a much larger swath spanning the Pacific Northwest on a cloudy day; NISAR's L-band SAR instrument is able to peer through the clouds at the surface below.",https://phys.org/news/2026-03-image-nisar-view-mount-rainier.html,2026-03-30 23:20:06+00:00,Other
Phys.org,https://phys.org/rss-feed/,"Animals are powerful landscape engineers shaping the Earth's surface, global study finds","Wild animals are not just inhabitants of the natural world. Many also act as natural landscape engineers, reshaping Earth's surface as they burrow, feed, and build shelters that move soil and sediment across ecosystems. From animals disturbing riverbeds to burrowing species redistributing soil, wildlife constantly modifies the physical structure of landscapes through everyday activities.",https://phys.org/news/2026-03-animals-powerful-landscape-earth-surface.html,2026-03-30 23:20:03+00:00,Science
Phys.org,https://phys.org/rss-feed/,More evidence doesn't mean more justice: The limits of visual technologies in human rights cases,"Body cameras, satellites and digital verification tools are generating more evidence of violence than ever before. But the institutions responsible for delivering justice still decide what counts as evidence—and what does not.",https://phys.org/news/2026-03-evidence-doesnt-justice-limits-visual.html,2026-03-30 23:10:06+00:00,Other
TechCrunch,https://techcrunch.com/feed/,Popular AI gateway startup LiteLLM ditches controversial startup Delve,LiteLLM had obtained two security compliance certifications via Delve and fell victim to some horrific credential-stealing malware last week.,https://techcrunch.com/2026/03/30/popular-ai-gateway-startup-litellm-ditches-controversial-startup-delve/,2026-03-30 23:08:12+00:00,Startups
Phys.org,https://phys.org/rss-feed/,Light switch for life: Controlling molecular droplets with UV,"Biomolecular condensates are tiny, droplet-like structures made up of molecules that help organize key processes in living organisms. Because they are so small and constantly changing, it has been difficult for scientists to measure their physical properties or control how they behave. Leiden researchers at the Mashaghi Lab have now discovered a surprising new way to shape and control tiny droplets of molecules found in living organisms. The breakthrough could lead to smarter biomaterials, improve drug delivery and even new insights into the emergence of life on Earth. The work is published in Nature Communications.",https://phys.org/news/2026-03-life-molecular-droplets-uv.html,2026-03-30 23:00:07+00:00,Science
Phys.org,https://phys.org/rss-feed/,"Money worries and job dissatisfaction drove Europe's populist boom, research suggests","While immigration is often blamed for the rise of populism, it was cost of living and male job dissatisfaction that played a major role in the European surge in support for populist politics a decade ago, according to a University of Cambridge social scientist.",https://phys.org/news/2026-03-money-job-dissatisfaction-drove-europe.html,2026-03-30 23:00:05+00:00,Science
Phys.org,https://phys.org/rss-feed/,Improved carp boosts profits by 25% in Bangladesh's polyculture ponds,"A selectively bred carp strain is boosting productivity and profits across polyculture ponds in Bangladesh, improving overall pond performance in smallholder systems. A completed study shows that the third generation (G3) rohu, developed by WorldFish, grows 32.6% faster than conventional local fish and increases net margins by 24.8% for farmers, with higher total production and revenue across polyculture pond systems. The research is published in the journal Aquaculture Research.",https://phys.org/news/2026-03-carp-boosts-profits-bangladesh-polyculture.html,2026-03-30 22:50:04+00:00,Science
Phys.org,https://phys.org/rss-feed/,"NASA wants to build a base on the Moon by the 2030s, How and why it plans to build up to a long‑term lunar presence","The next U.S. trip to the moon isn't about planting a flag. It's about learning how to live and work there. NASA has just reset its Artemis program, marking a clear strategic shift: Space exploration is moving away from a race to achieve milestones and toward a system built on repeated operations, a sustained presence and lunar infrastructure that could become part of the technology networks we rely on here on Earth.",https://phys.org/news/2026-03-nasa-base-moon-2030s-longterm.html,2026-03-30 22:40:05+00:00,Other
Phys.org,https://phys.org/rss-feed/,Gut bacteria may influence social behavior through smell,"In a new study, Northwestern University neurobiologists discovered that gut bacteria and the nose work together to shape social behavior in mice, including who fights and who backs down. Using a combination of genetic and behavioral experiments, the scientists found gut microbes produce a pungent odor that other animals can smell. When detected, these scents trigger aggression and shape social hierarchies. The discovery reveals a previously unknown way the microbiome influences social interactions.",https://phys.org/news/2026-03-gut-bacteria-social-behavior.html,2026-03-30 22:40:03+00:00,Science
Phys.org,https://phys.org/rss-feed/,A flesh‑eating fly is advancing towards the US border—can it be stopped?,"A flesh-eating parasitic fly has spread north through Mexico to within a few hundred miles of the U.S. southern border. The New World screwworm (Cochliomyia hominivorax) lays its eggs in open wounds and in the orifices of live, warm-blooded animals—including, occasionally, humans. The maggots then devour the animal's flesh, causing devastating lesions that can quickly kill the infested host.",https://phys.org/news/2026-03-flesheating-fly-advancing-border.html,2026-03-30 22:30:04+00:00,Other
Phys.org,https://phys.org/rss-feed/,"With history standards prone to politicization, 'minimalism' approach would benefit U.S. teachers, scholar argues","The practice of states revising standards for how their schools teach history is developing a storied and often contentious history of its own. A University of Kansas scholar has published new research arguing that history standards are prone to overt politicization, and that the best examples of how to handle history education are in states that practice ""standards minimalism."" The paper is published in the Journal of American History.",https://phys.org/news/2026-03-history-standards-prone-politicization-minimalism.html,2026-03-30 22:20:08+00:00,Science
Phys.org,https://phys.org/rss-feed/,Strained liquid crystals steer soliton 'bullets' along two diagonal paths,"In physics, some waves behave in a surprising way: instead of spreading out and fading, they hold their shape as they travel at constant speeds. These unusual waves, called solitons, have interested scientists since they were first observed in canals in the 19th century. Today, researchers study solitons in everything from optical fibers to biological systems.",https://phys.org/news/2026-03-strained-liquid-crystals-soliton-bullets.html,2026-03-30 22:20:07+00:00,Science
TechCrunch,https://techcrunch.com/feed/,Former Coatue partner raises huge $65M seed for enterprise AI agent startup,A few things turned investors' heads and drew them to participate in such a big round out of the gate.,https://techcrunch.com/2026/03/30/former-coatue-partner-raises-huge-65m-seed-for-enterprise-ai-agent-startup/,2026-03-30 21:53:09+00:00,"Funding, Startups"
Defense News,https://www.defensenews.com/arc/outboundfeeds/rss/,"Limited missions, big risks: What a US ground fight in Iran could become","Military analysts point to several possibilities of what ground operations could entail, including coastal assaults and nuclear site raids.",https://www.defensenews.com/news/your-military/2026/03/30/limited-missions-big-risks-what-a-us-ground-fight-in-iran-could-become/,2026-03-30 21:43:39+00:00,Defense
SpaceNews,https://spacenews.com/feed/,Rocket Lab wins German approval for Mynaric deal,Decision clears path for April closing after months of scrutiny over keeping key space technology in domestic hands The post Rocket Lab wins German approval for Mynaric deal appeared first on SpaceNews .,https://spacenews.com/rocket-lab-wins-german-approval-for-mynaric-deal/,2026-03-30 21:19:55+00:00,Other
Satellite Today,https://www.satellitetoday.com/feed/,Starcloud Raises $170M to Fund Orbital Data Center Plans,"Starcloud, a space startup working to deploy satellites to serve as orbital data centers, raised $170 million in a Series A round announced Monday that values the company at $1.1... The post Starcloud Raises $170M to Fund Orbital Data Center Plans appeared first on Via Satellite .",https://www.satellitetoday.com/finance/2026/03/30/starcloud-raises-170m-to-fund-orbital-data-center-plans/,2026-03-30 20:29:29+00:00,"Space, Funding"
TechCrunch,https://techcrunch.com/feed/,"As more Americans adopt AI tools, fewer say they can trust the results","AI adoption is rising in the U.S., but trust remains low, with most Americans concerned about transparency, regulation, and the technology’s broader societal impact, according to a new Quinnipiac poll.",https://techcrunch.com/2026/03/30/ai-trust-adoption-poll-more-americans-adopt-tools-fewer-say-they-can-trust-the-results/,2026-03-30 20:24:53+00:00,Other
Satellite Today,https://www.satellitetoday.com/feed/,WAVE Achieves First Cloud-to-Gateway Satcom Virtualization with AI Signal Analysis,"Members of the Waveform Architecture for Virtualized Ecosystems (WAVE) Consortium, an IEEE standards body, achieved the first instance of standardized waveform virtualization using field-programmable gate array (FPGA) acceleration in the... The post WAVE Achieves First Cloud-to-Gateway Satcom Virtualization with AI Signal Analysis appeared first on Via Satellite .",https://www.satellitetoday.com/technology/2026/03/30/wave-achieves-first-cloud-to-gateway-satcom-virtualization-with-ai-signal-analysis/,2026-03-30 20:20:30+00:00,Other
Defense News,https://www.defensenews.com/arc/outboundfeeds/rss/,"Trump interested in calling on Arab states to help pay for Iran war, White House says","“I think it’s something the President would be quite interested in calling them to do,” press secretary Karoline Leavitt said on Monday.",https://www.defensenews.com/news/your-military/2026/03/30/trump-interested-in-calling-on-arab-states-to-help-pay-for-iran-war-white-house-says/,2026-03-30 19:59:11+00:00,Other
Breaking Defense,https://breakingdefense.com/feed/,Israel approves $45B defense budget as Iran war rages,"Israel’s defense budget has undergone major increases in recent years, reflecting the country’s shift from low-level conflicts to a multi-front war that began on Oct. 7, 2023.",https://breakingdefense.com/2026/03/israel-approves-45b-defense-budget-as-iran-war-rages/,2026-03-30 19:57:09+00:00,Defense
Satellite Today,https://www.satellitetoday.com/feed/,SpaceX Launches 119 Payloads on the Transporter-16 Rideshare Mission,"SpaceX launched 119 payloads into Low-Earth Orbit (LEO) at 4:02 a.m. PT on Transporter-16, a dedicated smallsat rideshare mission, from Vandenberg Space Force Base in California on Monday morning. The... The post SpaceX Launches 119 Payloads on the Transporter-16 Rideshare Mission appeared first on Via Satellite .",https://www.satellitetoday.com/launch/2026/03/30/spacex-launches-119-payloads-on-the-transporter-16-rideshare-mission/,2026-03-30 19:47:20+00:00,Space
Breaking Defense,https://breakingdefense.com/feed/,Navy unveils final RFP for new trainer aircraft to replace T-45 Goshawk,"The UJTS will succeed the Navy’s T-45 Goshawk fleet, which first joined the service in the early 1990s.",https://breakingdefense.com/2026/03/navy-unveils-final-rfp-for-new-trainer-aircraft-to-replace-t-45-goshawk/,2026-03-30 19:40:07+00:00,Defense
Satellite Today,https://www.satellitetoday.com/feed/,Live in the Booth: AST SpaceMobile President Scott Wisniewski Talks Spectrum Strategy and Defense Potential,"In this “Live in the Booth” interview during SATShow Week, AST SpaceMobile President and Chief Strategy Officer Scott Wisniewski talks about the recently launched BlueBird 6 satellite, the company’s recent... The post Live in the Booth: AST SpaceMobile President Scott Wisniewski Talks Spectrum Strategy and Defense Potential appeared first on Via Satellite .",https://www.satellitetoday.com/connectivity/2026/03/30/live-in-the-booth-ast-spacemobile-president-scott-wisniewski-talks-spectrum-strategy-and-defense-potential/,2026-03-30 19:18:06+00:00,Defense
Breaking Defense,https://breakingdefense.com/feed/,First set of defensive cyber kits to be delivered to CYBERCOM units,"The capability, dubbed Joint Cyber Hunt Kit, will provide defensive cyber warriors at US Cyber Command standardized kits to conduct hunt missions for the first time, arsons President of Defense and Intelligence Mike Kushin told Breaking Defense.",https://breakingdefense.com/2026/03/first-set-of-defensive-cyber-kits-to-be-delivered-to-cybercom-units/,2026-03-30 19:16:00+00:00,Defense
Satellite Today,https://www.satellitetoday.com/feed/,SpaceBridge Launches UniHub as Streamlined VSAT Platform,"SpaceBridge launched a its new Estella’s UniHub, a new compact all-in-one VSAT hub platform. The solution aims to simplify satellite network deployment alongside high performance, efficiency, and scalability. SpaceBridge made... The post SpaceBridge Launches UniHub as Streamlined VSAT Platform appeared first on Via Satellite .",https://www.satellitetoday.com/technology/2026/03/30/spacebridge-launches-unihub-as-streamlined-vsat-platform/,2026-03-30 19:15:41+00:00,Other
TechCrunch,https://techcrunch.com/feed/,What we’re looking for in Startup Battlefield 2026 and how to put your best application forward,Here's what we're looking for in your Startup Battlefield 200 application and how to make sure your application reflects it.,https://techcrunch.com/2026/03/30/what-were-looking-for-in-startup-battlefield-2026-and-how-to-put-your-best-application-forward/,2026-03-30 18:57:51+00:00,"Startups, Defense"
Breaking Defense,https://breakingdefense.com/feed/,European Commission adopts $1.7B work program to ramp up weapons production,The European Defence Industry Programme covers funding for 2026 through 2027 with a first round of calls for proposals opening on the EU’s tender portal starting on Tuesday.,https://breakingdefense.com/2026/03/european-commission-adopts-1-7b-work-program-to-ramp-up-weapons-production/,2026-03-30 18:56:49+00:00,"Defense, Funding"
SpaceNews,https://spacenews.com/feed/,"Varda flies navigation payload, heat shield tests on sixth reentry mission","Rhea Space, Sandia and NASA hardware to gather data during high-speed descent The post Varda flies navigation payload, heat shield tests on sixth reentry mission appeared first on SpaceNews .",https://spacenews.com/varda-flies-navigation-payload-heat-shield-tests-on-sixth-reentry-mission/,2026-03-30 18:48:36+00:00,Other
TechCrunch,https://techcrunch.com/feed/,"Delve whistleblower strikes again, with alleged receipts about ‘fake compliance’","Shortly after Delve's founder published a lengthy denial of allegations, while promising changes, the accuser came forward with more alleged details.",https://techcrunch.com/2026/03/30/delve-whistleblower-strikes-again-with-alleged-receipts-about-fake-compliance/,2026-03-30 18:26:07+00:00,"Startups, Science"
TechCrunch,https://techcrunch.com/feed/,Meta starts testing a premium subscription on Instagram,Among the premium features on Instagram is the ability to view a Story without the poster seeing that you viewed it and the option to see how many people have rewatched your Story.,https://techcrunch.com/2026/03/30/meta-starts-testing-a-premium-subscription-on-instagram/,2026-03-30 18:10:31+00:00,Other
TechCrunch,https://techcrunch.com/feed/,Bluesky’s new AI tool Attie is already the most blocked account other than J. D. Vance,"More than 125,000 Bluesky users have blocked Attie in just a few days, sending a strong message from the user base.",https://techcrunch.com/2026/03/30/blueskys-new-ai-tool-attie-is-already-the-most-blocked-account-other-than-j-d-vance/,2026-03-30 18:03:59+00:00,Other
Breaking Defense,https://breakingdefense.com/feed/,"Ukraine inks defense agreements with Qatar and Saudi Arabia, with UAE to follow","“Ukraine has been countering [Iranian drones] for years [and] all features of this defense are of interest to the Gulf,” Samuel Bendett, adviser at Center for New America Security, told Breaking Defense.",https://breakingdefense.com/2026/03/ukraine-inks-defense-agreements-with-qatar-and-saudi-arabia-with-uae-to-follow/,2026-03-30 17:27:47+00:00,Defense
SpaceNews,https://spacenews.com/feed/,ESA launches first Celeste satellites to test complementary LEO navigation layer,MILAN — The European Space Agency has launched the first two satellites of the Celeste in-orbit demonstration mission from New Zealand aboard a Rocket Lab Electron launcher on March 28. The two satellites were launched at 10:14 CET and separated from the launcher about an hour later into a quasi-polar low Earth orbit at 510 [&#8230;] The post ESA launches first Celeste satellites to test complementary LEO navigation layer appeared first on SpaceNews .,https://spacenews.com/esa-launches-first-celeste-satellites-to-test-complementary-leo-navigation-layer/,2026-03-30 16:44:46+00:00,Space
Defense News,https://www.defensenews.com/arc/outboundfeeds/rss/,Missile-wielding Airbus interceptor engages one-way attack drone in test,"The drone-missile combination makes large-scale interception economically viable, the manufacturers claim.",https://www.defensenews.com/global/europe/2026/03/30/missile-wielding-airbus-interceptor-engages-one-way-attack-drone-in-test/,2026-03-30 16:35:48+00:00,Defense
SpaceNews,https://spacenews.com/feed/,SpaceX launches Transporter-16 rideshare mission,"SpaceX launched the latest in its series of dedicated rideshare missions March 30, delivering more than 100 payloads to sun-synchronous orbit. The post SpaceX launches Transporter-16 rideshare mission appeared first on SpaceNews .",https://spacenews.com/spacex-launches-transporter-16-rideshare-mission/,2026-03-30 16:31:19+00:00,Other
Defense News,https://www.defensenews.com/arc/outboundfeeds/rss/,Ukraine’s drone masters eye Iran war to kickstart export ambitions,Ukraine’s war has forced the country to become a trailblazer in drone interception.,https://www.defensenews.com/industry/techwatch/2026/03/30/ukraines-drone-masters-eye-iran-war-to-kickstart-export-ambitions/,2026-03-30 16:13:42+00:00,Defense
War on the Rocks,https://warontherocks.com/feed/,Successes and Setbacks,"Welcome to&#160;The Ukraine Compass, a weekly digest of Ukrainian commentary and analysis from across the political spectrum only for&#160;War on the Rocks&#160;members. Each Monday, we bring you a curated selection of articles from Ukrainian media offering insight into how Ukrainians themselves debate the issues shaping their country.American coverage often narrows the view to the battlefield &#8212; these pieces widen it, revealing the texture of daily life, politics, and public argument in a nation at war. The perspectives gathered here are varied, candid, and often surprising, together forming a more complete picture of Ukraine as it really is.Frontline and Strategy&#1052;&#1077;&#1078;&#1072; &#8212; The post Successes and Setbacks appeared first on War on the Rocks .",https://warontherocks.com/2026/03/successes-and-setbacks/,2026-03-30 16:06:55+00:00,Defense
MIT Technology Review,https://www.technologyreview.com/feed/,There are more AI health tools than ever—but how well do they work?,"Earlier this month, Microsoft launched Copilot Health, a new space within its Copilot app where users will be able to connect their medical records and ask specific questions about their health. A couple of days earlier, Amazon had announced that Health AI, an LLM-based tool previously restricted to members of its One Medical service, would&#8230;",https://www.technologyreview.com/2026/03/30/1134795/there-are-more-ai-health-tools-than-ever-but-how-well-do-they-work/,2026-03-30 16:00:00+00:00,AI
MIT Technology Review,https://www.technologyreview.com/feed/,The Pentagon’s culture war tactic against Anthropic has backfired,"This story originally appeared in The Algorithm, our weekly newsletter on AI. To get stories like this in your inbox first, sign up here. Last Thursday, a California judge temporarily blocked the Pentagon from labeling Anthropic a supply chain risk and ordering government agencies to stop using its AI. It’s the latest development in the month-long&#8230;",https://www.technologyreview.com/2026/03/30/1134881/the-pentagons-culture-war-tactic-against-anthropic-has-backfired/,2026-03-30 15:42:50+00:00,"AI, Defense"
C4ISRNET,https://www.c4isrnet.com/arc/outboundfeeds/rss/,The US Navy wants you ... to make ‘Drone Killer’ ammunition,The Navy designed the Drone Killer Cartridge to address the emerging threat of small quadcopters. It now wants ammo makers to make millions of the rounds.,https://www.c4isrnet.com/industry/techwatch/2026/03/30/the-us-navy-wants-you-to-make-drone-killer-ammunition/,2026-03-30 15:41:26+00:00,Defense
SpaceNews,https://spacenews.com/feed/,"China’s Kinetica-2 rocket debuts successfully, sending prototype cargo spacecraft to orbit","Chinese firm CAS Space successfully reached orbit with the first launch of its Kinetica-2 launch vehicle Monday, with a prototype cargo spacecraft among the payloads. The post China’s Kinetica-2 rocket debuts successfully, sending prototype cargo spacecraft to orbit appeared first on SpaceNews .",https://spacenews.com/chinas-kinetica-2-rocket-debuts-successfully-sending-prototype-cargo-spacecraft-to-orbit/,2026-03-30 15:39:07+00:00,Space
TechCrunch,https://techcrunch.com/feed/,"Apple will hide your email address from apps and websites, but not cops",Demands for Apple customer records by federal agents in recent months underscore the privacy limitations of email.,https://techcrunch.com/2026/03/30/apple-will-hide-your-email-address-from-apps-and-websites-but-not-cops/,2026-03-30 15:34:41+00:00,Other
TechCrunch,https://techcrunch.com/feed/,Uber is buying Berlin startup Blacklane to bolster its ‘Elite’ offering,"It's a notable exit for Blacklane, which has raised more than $100 million from backers like Mercedes-Benz and Sixt.",https://techcrunch.com/2026/03/30/uber-is-buying-berlin-startup-blacklane-to-bolster-its-elite-offering/,2026-03-30 14:46:41+00:00,"Startups, Funding"
Breaking Defense,https://breakingdefense.com/feed/,Iran shows the emerging crisis of the US airborne battle management fleet,"The aircraft that help orchestrate US air operations are in high demand, short supply and nearing a breaking point while the need for early warning and battle management is growing.",https://breakingdefense.com/2026/03/iran-shows-the-enduring-need-and-emerging-crisis-of-the-us-airborne-battle-management-fleet/,2026-03-30 14:33:12+00:00,Other
TechCrunch,https://techcrunch.com/feed/,Mantis Biotech is making ‘digital twins’ of humans to help solve medicine’s data availability problem,"Mantis takes disparate sources of data to make synthetic datasets that can be used to build so-called ""digital twins"" of the human body, representing anatomy, physiology and behavior.",https://techcrunch.com/2026/03/30/mantis-biotech-is-making-digital-twins-of-humans-to-help-solve-medicines-data-availability-problem/,2026-03-30 14:30:00+00:00,Biotech
TechCrunch,https://techcrunch.com/feed/,ScaleOps raises $130M to improve computing efficiency amid AI demand,ScaleOps just raised $130M to tackle GPU shortages and soaring AI cloud costs by automating infrastructure in real time.,https://techcrunch.com/2026/03/30/scaleops-130m-series-c-kubernetes-efficiency-ai-demand-funding/,2026-03-30 13:52:02+00:00,Funding
SpaceNews,https://spacenews.com/feed/,Pentagon weighing termination of Raytheon GPS ground control contract after years of delays,Space Force considers shifting to upgraded legacy ground system The post Pentagon weighing termination of Raytheon GPS ground control contract after years of delays appeared first on SpaceNews .,https://spacenews.com/pentagon-weighing-termination-of-raytheon-gps-ground-control-contract-after-years-of-delays/,2026-03-30 13:43:50+00:00,Defense
Defense News,https://www.defensenews.com/arc/outboundfeeds/rss/,"Japanese destroyer can now fire Tomahawk missiles, extending nation’s combat punch","Japan’s Tomahawk orders are unlikely to be affected immediately, but longer military campaigns in the Middle East could cause setbacks, one analyst said.",https://www.defensenews.com/global/asia-pacific/2026/03/30/japanese-destroyer-can-now-fire-tomahawk-missiles-extending-nations-combat-punch/,2026-03-30 13:38:59+00:00,Defense
TechCrunch,https://techcrunch.com/feed/,AI chip startup Rebellions raises $400 million at $2.3B valuation in pre-IPO round,"The startup, which is planning to go public later this year, designs chips specifically for AI inference, another challenger to Nvidia's dominance.",https://techcrunch.com/2026/03/30/ai-chip-startup-rebellions-raises-400-million-at-2-3b-valuation-in-pre-ipo-round/,2026-03-30 13:00:00+00:00,"Funding, Startups"
Labiotech,https://www.labiotech.eu/feed/,"Biotech in New Jersey, seven companies leading the charge","Delve into one of the most dynamic biotech regions in the U.S. and discover seven New-Jersey-based companies to put on your radar. The post Biotech in New Jersey, seven companies leading the charge appeared first on Labiotech.eu . © Labiotech UG and Labiotech.eu. Unauthorized use and/or duplication of this material without express and written permission from this site’s author and/or owner is strictly prohibited. Excerpts and links may be used, provided that full and clear credit is given to Labiotech UG and Labiotech.eu with appropriate and specific direction to the original content.",https://www.labiotech.eu/best-biotech/new-jersey-biotech-companies/,2026-03-30 13:00:00+00:00,Biotech
SpaceNews,https://spacenews.com/feed/,The race to build orbital data centers is missing its biggest variable: power,"Here’s the version of the orbital data center story you keep reading: Elon Musk says space will be the cheapest place to run AI within 36 months. LoneStar announces plans for a lunar data center. NVIDIA’s Vera Rubin Space-1 makes headlines. These are real announcements, and they all have one thing in common. Nobody talks about the source of electricity. While [&#8230;] The post The race to build orbital data centers is missing its biggest variable: power appeared first on SpaceNews .",https://spacenews.com/the-race-to-build-orbital-data-centers-is-missing-its-biggest-variable-power/,2026-03-30 13:00:00+00:00,Space
SpaceNews,https://spacenews.com/feed/,"With Voyager’s help, Icarus Robotics to test free-flyer on ISS","SAN FRANCISCO – Voyager Technologies announced plans March 30 to help Icarus Robotics test a free-flying platform, called Joyride, on the International Space Station. Under the agreement, Voyager will handle payload integration, safety certification, coordination of a 2027 launch, on-orbit operations planning and execution for Joyride-1, a technology demonstration. Icarus Robotics was founded in Brooklyn, [&#8230;] The post With Voyager&#8217;s help, Icarus Robotics to test free-flyer on ISS appeared first on SpaceNews .",https://spacenews.com/with-voyagers-help-icarus-robotics-to-test-free-flyer-on-iss/,2026-03-30 13:00:00+00:00,Space
Payload Space,https://payloadspace.com/feed/,Transporter-16 Sends 119 Payloads to Orbit,The latest cargo train to orbit has left the station. The post Transporter-16 Sends 119 Payloads to Orbit appeared first on Payload .,https://payloadspace.com/transporter-16-sends-119-payloads-to-orbit/,2026-03-30 12:53:16+00:00,Space
TechCrunch,https://techcrunch.com/feed/,Mistral AI raises $830M in debt to set up a data center near Paris,Mistral aims to start operating the data center by the second quarter of 2026.,https://techcrunch.com/2026/03/30/mistral-ai-raises-830m-in-debt-to-set-up-a-data-center-near-paris/,2026-03-30 12:49:51+00:00,"AI, Funding"
Science,https://www.science.org/rss/news_current.xml,"With new environmental law, China expands its ‘war on pollution’",But observers fear measure will limit public’s ability to challenge potentially harmful projects,https://www.science.org/content/article/new-environmental-law-china-expands-its-war-pollution,2026-03-30 12:45:00+00:00,Other
Payload Space,https://payloadspace.com/feed/,Starcloud Raises $170M Series A at $1.1B Valuation,"The fundraise highlights not only the overwhelming demand among investors to fund orbital-data-center ventures, but also Starcloud’s unique position as a data-center startup with flight heritage. The post Starcloud Raises $170M Series A at $1.1B Valuation appeared first on Payload .",https://payloadspace.com/starcloud-raises-170m-series-a-at-1-1b-valuation/,2026-03-30 12:39:39+00:00,"Funding, Space"
TechCrunch,https://techcrunch.com/feed/,Qodo raises $70M for code verification as AI coding scales,"As AI floods software development with code, Qodo is betting the real challenge is making sure it actually works.",https://techcrunch.com/2026/03/30/qodo-bets-on-code-verification-as-ai-coding-scales-raises-70m/,2026-03-30 12:30:00+00:00,Funding
Science,https://www.science.org/rss/news_current.xml,"As U.S. blockade bites, Cuba’s health care and science suffer",Hospitals and researchers struggle to cope with lengthy blackouts and supply shortages,https://www.science.org/content/article/u-s-blockade-bites-cuba-s-health-care-and-science-suffer,2026-03-30 12:20:00+00:00,Science
Payload Space,https://payloadspace.com/feed/,Bellatrix Raises $20M For In-Space Propulsion Tech,"""This round reflects strong conviction in our ability to scale,"" CEO and cofounder Rohan Ganapathy said in a statement. ""We've flight-qualified our core technologies. Now we're building the production infrastructure to match.” The post Bellatrix Raises $20M For In-Space Propulsion Tech appeared first on Payload .",https://payloadspace.com/bellatrix-raises-20m-for-in-space-propulsion-tech/,2026-03-30 12:13:12+00:00,Funding
MIT Technology Review,https://www.technologyreview.com/feed/,The Download: brainless human clones and the first uterus kept alive outside a body,"This is today&#8217;s edition of The Download, our weekday newsletter that provides a daily dose of what&#8217;s going on in the world of technology. Inside the stealthy startup that pitched brainless human clones&#160; After&#160;operating&#160;in secrecy for years, R3 Bio, a California-based startup, suddenly revealed last week that it had raised money to create&#160;nonsentient&#160;monkey “organ sacks”&#8230;",https://www.technologyreview.com/2026/03/30/1134836/the-download-brainless-human-clones-first-uterus-kept-alive-outside-body/,2026-03-30 12:10:00+00:00,"Startups, Funding"
SpaceNews,https://spacenews.com/feed/,Starcloud achieves unicorn status with $170 million raise for orbital data centers,"Starcloud has raised $170 million to accelerate development of its next-generation spacecraft, reaching a $1.1 billion valuation as it awaits permission to deploy an 88,000-strong orbital data center network. The post Starcloud achieves unicorn status with $170 million raise for orbital data centers appeared first on SpaceNews .",https://spacenews.com/starcloud-achieves-unicorn-status-with-170-million-raise-for-orbital-data-centers/,2026-03-30 11:00:43+00:00,"Funding, Space"
TechCrunch,https://techcrunch.com/feed/,Starcloud raises $170 million Series A to build data centers in space,"Starcloud becomes the fastest Y Combinator startup to reach unicorn status, just 17 months after demo day.",https://techcrunch.com/2026/03/30/starcloud-raises-170-million-series-ato-build-data-centers-in-space/,2026-03-30 11:00:00+00:00,"Funding, Startups"
SpaceNews,https://spacenews.com/feed/,Science finds a place on Artemis 2,"While the Artemis 2 mission is primarily a test flight, the four astronauts on board will conduct some science during the nearly 10-day mission. The post Science finds a place on Artemis 2 appeared first on SpaceNews .",https://spacenews.com/science-finds-a-place-on-artemis-2/,2026-03-30 10:03:11+00:00,Other
Defense News,https://www.defensenews.com/arc/outboundfeeds/rss/,"Europe must reinvent warfare for ‘era of shocks,’ NATO’s Vandier says","“We need to make Russia wake up each morning, thinking to themselves: 'Not today,'"" the alliance's top officer for force transformation said.",https://www.defensenews.com/global/europe/2026/03/30/europe-must-reinvent-warfare-for-era-of-shocks-natos-vandier-says/,2026-03-30 09:53:00+00:00,Defense
MIT Technology Review,https://www.technologyreview.com/feed/,Inside the stealthy startup that pitched brainless human clones,"After operating in secrecy for years, a startup company called R3 Bio, in Richmond, California, suddenly shared details about its work last week—saying it had raised money to create nonsentient monkey “organ sacks” as an alternative to animal testing. In an interview with Wired, R3 listed three investors: billionaire Tim Draper, the Singapore-based fund Immortal&#8230;",https://www.technologyreview.com/2026/03/30/1134780/r3-bio-brainless-human-clones-full-body-replacement-john-schloendorn-aging-longevity/,2026-03-30 09:00:00+00:00,"Funding, Startups"
War on the Rocks,https://warontherocks.com/feed/,Every Soldier a Software Builder: Governing the Army’s New Digital Workforce,"Over the past decade, the Department of Defense has tested internal software development through efforts like the Air Force&#8217;s Kessel Run, the Army Software Factory, and the Marine Corps Software Factory. Those efforts showed that military personnel can build useful software when given the right tools and infrastructure.In its push to make better use of data, the Army fielded powerful digital platforms as a service across the force, such as Palantir&#8217;s Army Vantage and the Department of Defense&#8217;s GenAI.mil. These programs were meant to improve analysis and decision-making. But they also did something else: They gave soldiers built-in tools to The post Every Soldier a Software Builder: Governing the Army’s New Digital Workforce appeared first on War on the Rocks .",https://warontherocks.com/2026/03/every-soldier-a-software-builder-governing-the-armys-new-digital-workforce/,2026-03-30 08:00:57+00:00,Defense
War on the Rocks,https://warontherocks.com/feed/,Putin Is Not Trapped: Why Regime Survival Does Not Depend on Victory,"For four years, analysts and policymakers have warned that Russian President Vladimir Putin &#8220;cannot afford to lose&#8221; in Ukraine. Increasingly, some argue he cannot afford peace either. In this view, the war is existential for his regime. Defeat would shatter Putin&#8217;s legacy and potentially end his rule. Trapped between humiliation and collapse, inviting comparisons to the fate of the last Russian tsar, Nicholas II, Putin is portrayed as having no viable off-ramp from an unwinnable war.These assumptions were central to Biden-era debates over escalation management. The Biden administration had concerns that excessive pressure might destabilize the regime, thus triggering escalation, The post Putin Is Not Trapped: Why Regime Survival Does Not Depend on Victory appeared first on War on the Rocks .",https://warontherocks.com/2026/03/putin-is-not-trapped-why-regime-survival-does-not-depend-on-victory/,2026-03-30 07:30:58+00:00,Other
War on the Rocks,https://warontherocks.com/feed/,The Importance of the Raid of Nassau,"Marines and sailors splashing ashore from landing boats has become a defining image of the history of the U.S. Marine Corps. It happened for the first time at the town of Nassau in the British colony of the Bahamas on March 3, 1776. While the operation itself was a tactical success, its impact on the broader war for American independence was marred by inexperience and poor judgment. Despite this, the raid of Nassau offers important insights for contemporary naval forces, including the challenge of command and control across vast distances with limited communication, the need for adaptability during sustained expeditionary The post The Importance of the Raid of Nassau appeared first on War on the Rocks .",https://warontherocks.com/2026/03/the-importance-of-the-raid-of-nassau/,2026-03-30 07:15:15+00:00,Other
TechCrunch,https://techcrunch.com/feed/,Why OpenAI really shut down Sora,"OpenAI's decision last week to shut down Sora, its AI video-generation tool, just six months after releasing it to the public, raised immediate suspicions. The app had invited users to upload their own faces — so was this some kind of elaborate data grab?",https://techcrunch.com/2026/03/29/why-openai-really-shut-down-sora/,2026-03-30 03:09:38+00:00,"AI, Funding"
Science,https://www.science.org/rss/news_current.xml,Supporters push to revive moribund agency studying patient care,"The Agency for Healthcare Research and Quality has grant money, but nobody to hand it out",https://www.science.org/content/article/supporters-push-revive-moribund-agency-studying-patient-care,2026-03-30 01:20:00+00:00,"Science, Funding"
Nature,https://www.nature.com/subjects/medical-research.rss,Nighttime intensive care unit admission increased 30-day mortality in sepsis patients: a retrospective propensity-score matched analysis based on MIMIC-IV database,,https://www.nature.com/articles/s41598-026-45504-2,2026-03-30 00:00:00+00:00,Other
Nature,https://www.nature.com/subjects/medical-research.rss,Alexithymia and clinical communication competence in nursing interns in China with the mediating role of self-efficacy,,https://www.nature.com/articles/s41598-026-44952-0,2026-03-30 00:00:00+00:00,Other
Nature,https://www.nature.com/subjects/medical-research.rss,Association between metabolic dysfunction-associated steatotic liver disease and obstructive sleep apnea: a nationwide retrospective cohort study,,https://www.nature.com/articles/s41598-026-46037-4,2026-03-30 00:00:00+00:00,Science
Nature,https://www.nature.com/subjects/medical-research.rss,Next-gen micropillars for investigating oligodendrocyte myelination,,https://www.nature.com/articles/s41592-026-03041-w,2026-03-30 00:00:00+00:00,Other
Nature,https://www.nature.com/subjects/medical-research.rss,A unified deep learning framework for cross-platform harmonization of multi-tracer PET quantification in neurodegenerative disease,,https://www.nature.com/articles/s41746-026-02570-0,2026-03-30 00:00:00+00:00,AI
Nature,https://www.nature.com/subjects/medical-research.rss,"Abemaciclib plus fulvestrant in treating hormone-receptor positive, HER2-negative advanced breast cancer—comparing real-world outcomes in England to the MONARCH-2 trial",,https://www.nature.com/articles/s41416-026-03396-z,2026-03-30 00:00:00+00:00,Other
Nature,https://www.nature.com/subjects/medical-research.rss,Comparative analysis of immunogenicity of Chinese MMR and MR vaccines following primary vaccination in infants in Gansu Province,,https://www.nature.com/articles/s41598-026-46826-x,2026-03-30 00:00:00+00:00,Other
Nature,https://www.nature.com/subjects/medical-research.rss,Early detection of opioid-induced constipation in patients initiating weak opioids for chronic non-cancer pain,,https://www.nature.com/articles/s41598-026-45169-x,2026-03-30 00:00:00+00:00,Other
Nature,https://www.nature.com/subjects/medical-research.rss,Calculating foreskin surface area based on glans measurements of 143 men using a simplified geometrical model of the foreskin,,https://www.nature.com/articles/s41443-026-01255-2,2026-03-30 00:00:00+00:00,Other
Nature,https://www.nature.com/subjects/medical-research.rss,Mediating effect of social support between functional independence and quality of life among older adults with moderate to severe disabilities,,https://www.nature.com/articles/s41598-026-44694-z,2026-03-30 00:00:00+00:00,Other
Nature,https://www.nature.com/subjects/medical-research.rss,Using machine learning algorithms to predict MACE in peritoneal dialysis patients,,https://www.nature.com/articles/s41598-026-45362-y,2026-03-30 00:00:00+00:00,AI
Nature,https://www.nature.com/subjects/medical-research.rss,Early life bacteria and sibling exposure associate with restoration of the infant gut microbiome after cesarean section,,https://www.nature.com/articles/s41467-026-71185-6,2026-03-30 00:00:00+00:00,Other
Nature,https://www.nature.com/subjects/medical-research.rss,CSF1 regulates inflammation and apoptosis in intervertebral disc degeneration,,https://www.nature.com/articles/s41598-026-44984-6,2026-03-30 00:00:00+00:00,Other
Nature,https://www.nature.com/subjects/medical-research.rss,The role of comorbidity and frailty in shaping the burden of atrial fibrillation: a multinational cross-sectional survey,,https://www.nature.com/articles/s41598-026-44800-1,2026-03-30 00:00:00+00:00,Other
Nature,https://www.nature.com/subjects/medical-research.rss,Multi-scale adaptive fusion network for retinal layer and fluid segmentation in optical coherence tomography B-scans,,https://www.nature.com/articles/s41598-026-44006-5,2026-03-30 00:00:00+00:00,Other
Nature,https://www.nature.com/subjects/medical-research.rss,The association of TyG-BMI with MAFLD and liver fibrosis: a cross-sectional study,,https://www.nature.com/articles/s41598-026-46378-0,2026-03-30 00:00:00+00:00,Science
Nature,https://www.nature.com/subjects/medical-research.rss,AI-guided multi-omics analysis identifies NPC1-modulated susceptibility to SARS-CoV-2 infection under PM2.5 exposure,,https://www.nature.com/articles/s41467-026-71196-3,2026-03-30 00:00:00+00:00,Other
Nature,https://www.nature.com/subjects/medical-research.rss,Machine learning classification of early-stage Parkinson’s disease using sit-to-walk biomechanical features,,https://www.nature.com/articles/s41598-026-45122-y,2026-03-30 00:00:00+00:00,"AI, Startups"
Nature,https://www.nature.com/subjects/medical-research.rss,Orally derived mesenchymal stem cells in the treatment of vascular diseases: a systematic review and meta-analysis,,https://www.nature.com/articles/s41598-026-45734-4,2026-03-30 00:00:00+00:00,Other
SpaceNews,https://spacenews.com/feed/,Satellite imaging industry’s next challenge: getting systems to talk to each other,Executives say lack of incentives and interoperability slows ‘tipping and cueing’ across vendors The post Satellite imaging industry’s next challenge: getting systems to talk to each other appeared first on SpaceNews .,https://spacenews.com/satellite-imaging-industrys-next-challenge-getting-systems-to-talk-to-each-other/,2026-03-29 21:31:45+00:00,MedTech
Defense News,https://www.defensenews.com/arc/outboundfeeds/rss/,Pentagon reportedly preparing for weeks of ground operations in Iran,The report comes as U.S. military assets — most recently the Tripoli Amphibious Ready Group and embarked 31st MEU — continue to flood the region.,https://www.defensenews.com/news/your-military/2026/03/29/pentagon-reportedly-preparing-for-weeks-of-ground-operations-in-iran/,2026-03-29 14:35:23+00:00,Defense
